{
	"partitions" : [
		{
			"name" : "Top",
			"pins" : [
				{
					"name" : "out_a",
					"strict" : false
				},
				{
					"name" : "out_b",
					"strict" : false
				},
				{
					"name" : "out_c",
					"strict" : false
				},
				{
					"name" : "out_d",
					"strict" : false
				},
				{
					"name" : "out_e",
					"strict" : false
				},
				{
					"name" : "out_f",
					"strict" : false
				},
				{
					"name" : "out_g",
					"strict" : false
				},
				{
					"name" : "sig1",
					"strict" : false
				},
				{
					"name" : "an0",
					"strict" : false
				},
				{
					"name" : "an1",
					"strict" : false
				},
				{
					"name" : "in_op",
					"strict" : false
				},
				{
					"name" : "in_b0",
					"strict" : false
				},
				{
					"name" : "in_a0",
					"strict" : false
				},
				{
					"name" : "in_b1",
					"strict" : false
				},
				{
					"name" : "in_a1",
					"strict" : false
				},
				{
					"name" : "in_a3",
					"strict" : false
				},
				{
					"name" : "in_b3",
					"strict" : false
				},
				{
					"name" : "in_a2",
					"strict" : false
				},
				{
					"name" : "in_b2",
					"strict" : false
				},
				{
					"name" : "clk1",
					"strict" : false
				}
			]
		}
	]
}